{"cameraMode":{"drawMode":0,"name":"Shaded","section":"Shading Mode"},"sceneLighting":true,"audioPlay":false,"sceneViewState":{"m_AlwaysRefresh":false,"showFog":true,"showSkybox":true,"showFlares":true,"showImageEffects":true,"showParticleSystems":true,"showVisualEffectGraphs":true,"m_FxEnabled":true},"in2DMode":false,"pivot":{"x":24.83047103881836,"y":360.6495056152344,"z":0.1657867431640625},"rotation":{"x":0.5968194603919983,"y":0.07259199768304825,"z":-0.054430704563856128,"w":0.7972715497016907},"size":45.85884475708008,"orthographic":false}