{"cameraMode":{"drawMode":0,"name":"Shaded","section":"Shading Mode"},"sceneLighting":false,"audioPlay":false,"sceneViewState":{"m_AlwaysRefresh":false,"showFog":true,"showSkybox":false,"showFlares":true,"showImageEffects":true,"showParticleSystems":true,"showVisualEffectGraphs":true,"m_FxEnabled":true},"in2DMode":false,"pivot":{"x":-0.000006094574928283691,"y":2.724924087524414,"z":-5.513429641723633e-7},"rotation":{"x":0.5939193367958069,"y":-0.08287525922060013,"z":0.0616910345852375,"w":0.7978650331497192},"size":0.8848710060119629,"orthographic":true}